,<DATE>,<TIME>,<OPEN>,<HIGH>,<LOW>,<CLOSE>,<VOL>
0,01/02/21,601,10135.0,10135.0,10000.0,10025.0,40
1,01/02/21,602,10148.0,10150.0,10148.0,10150.0,14
2,01/02/21,603,10150.0,10190.0,10150.0,10190.0,33
3,01/02/21,604,10151.0,10197.0,10151.0,10189.0,46
4,01/02/21,605,10197.0,10198.0,10197.0,10198.0,48
5,01/02/21,606,10198.0,10198.0,10197.0,10198.0,53
6,01/02/21,607,10197.0,10198.0,10197.0,10197.0,10
7,01/02/21,608,10198.0,10198.0,10197.0,10198.0,35
8,01/02/21,609,10198.0,10198.0,10198.0,10198.0,59
9,01/02/21,610,10198.0,10198.0,10197.0,10197.0,4
10,01/02/21,611,10198.0,10198.0,10198.0,10198.0,36
11,01/02/21,612,10198.0,10198.0,10198.0,10198.0,15
12,01/02/21,613,10197.0,10210.0,10197.0,10210.0,72
13,01/02/21,614,10210.0,10299.0,10210.0,10248.0,5
14,01/02/21,615,10249.0,10260.0,10249.0,10260.0,16
15,01/02/21,616,10260.0,10300.0,10260.0,10300.0,13
16,01/02/21,617,10295.0,10295.0,10248.0,10248.0,27
17,01/02/21,618,10246.0,10248.0,10246.0,10246.0,110
18,01/02/21,619,10247.0,10248.0,10247.0,10248.0,8
19,01/02/21,620,10248.0,10248.0,10248.0,10248.0,8
20,01/02/21,621,10247.0,10247.0,10247.0,10247.0,52
21,01/02/21,622,10247.0,10247.0,10240.0,10240.0,5
22,01/02/21,623,10236.0,10236.0,10235.0,10235.0,56
23,01/02/21,624,10220.0,10234.0,10218.0,10233.0,15
24,01/02/21,625,10233.0,10233.0,10233.0,10233.0,22
25,01/02/21,626,10226.0,10233.0,10226.0,10232.0,6
26,01/02/21,627,10231.0,10231.0,10197.0,10197.0,59
27,01/02/21,628,10197.0,10197.0,10195.0,10195.0,10
28,01/02/21,629,10195.0,10195.0,10195.0,10195.0,2
29,01/02/21,630,10190.0,10197.0,10190.0,10195.0,11
30,01/02/21,631,10195.0,10197.0,10195.0,10197.0,25
31,01/02/21,632,10196.0,10196.0,10194.0,10195.0,29
32,01/02/21,633,10195.0,10195.0,10194.0,10194.0,12
33,01/02/21,634,10195.0,10197.0,10195.0,10197.0,36
34,01/02/21,635,10215.0,10227.0,10215.0,10227.0,2
35,01/02/21,636,10227.0,10227.0,10190.0,10191.0,65
36,01/02/21,637,10217.0,10217.0,10217.0,10217.0,2
37,01/02/21,638,10228.0,10229.0,10228.0,10229.0,2
38,01/02/21,640,10228.0,10229.0,10228.0,10229.0,26
39,01/02/21,642,10229.0,10229.0,10218.0,10218.0,66
40,01/02/21,643,10218.0,10228.0,10218.0,10228.0,42
41,01/02/21,644,10219.0,10228.0,10218.0,10228.0,48
42,01/02/21,645,10228.0,10228.0,10218.0,10218.0,11
43,01/02/21,646,10227.0,10228.0,10218.0,10218.0,89
44,01/02/21,647,10218.0,10218.0,10218.0,10218.0,79
45,01/02/21,648,10218.0,10229.0,10218.0,10229.0,21
46,01/02/21,649,10228.0,10229.0,10219.0,10229.0,5
47,01/02/21,650,10229.0,10229.0,10229.0,10229.0,2
48,01/02/21,651,10229.0,10229.0,10219.0,10219.0,7
49,01/02/21,652,10219.0,10219.0,10219.0,10219.0,2
50,01/02/21,653,10222.0,10222.0,10222.0,10222.0,3
51,01/02/21,654,10222.0,10222.0,10219.0,10219.0,13
52,01/02/21,655,10219.0,10219.0,10219.0,10219.0,1
53,01/02/21,657,10220.0,10220.0,10219.0,10219.0,100
54,01/02/21,658,10222.0,10229.0,10222.0,10229.0,4
55,01/02/21,659,10229.0,10229.0,10229.0,10229.0,7
56,01/02/21,660,10228.0,10229.0,10228.0,10228.0,8
57,01/02/21,661,10228.0,10229.0,10228.0,10229.0,6
58,01/02/21,662,10229.0,10229.0,10229.0,10229.0,20
59,01/02/21,663,10228.0,10229.0,10228.0,10229.0,6
60,01/02/21,664,10229.0,10229.0,10229.0,10229.0,10
61,01/02/21,665,10229.0,10229.0,10218.0,10218.0,51
62,01/02/21,666,10228.0,10229.0,10228.0,10229.0,30
63,01/02/21,667,10219.0,10219.0,10218.0,10218.0,5
64,01/02/21,668,10218.0,10220.0,10218.0,10220.0,2
65,01/02/21,669,10228.0,10228.0,10228.0,10228.0,1
66,01/02/21,670,10227.0,10227.0,10227.0,10227.0,2
67,01/02/21,671,10229.0,10229.0,10227.0,10227.0,36
68,01/02/21,672,10227.0,10227.0,10227.0,10227.0,1
69,01/02/21,673,10227.0,10227.0,10227.0,10227.0,3
70,01/02/21,674,10227.0,10227.0,10227.0,10227.0,1
71,01/02/21,675,10227.0,10227.0,10227.0,10227.0,2
72,01/02/21,676,10229.0,10229.0,10229.0,10229.0,5
73,01/02/21,677,10229.0,10229.0,10229.0,10229.0,18
74,01/02/21,678,10229.0,10229.0,10229.0,10229.0,3
75,01/02/21,679,10229.0,10229.0,10228.0,10228.0,4
76,01/02/21,681,10229.0,10232.0,10228.0,10228.0,8
77,01/02/21,682,10228.0,10228.0,10228.0,10228.0,3
78,01/02/21,684,10231.0,10231.0,10231.0,10231.0,1
79,01/02/21,685,10231.0,10232.0,10231.0,10232.0,4
80,01/02/21,686,10232.0,10232.0,10190.0,10221.0,131
81,01/02/21,687,10230.0,10230.0,10221.0,10221.0,2
82,01/02/21,688,10221.0,10221.0,10221.0,10221.0,10
83,01/02/21,689,10221.0,10221.0,10221.0,10221.0,4
84,01/02/21,690,10208.0,10216.0,10208.0,10216.0,3
85,01/02/21,691,10216.0,10217.0,10216.0,10217.0,4
86,01/02/21,692,10216.0,10216.0,10216.0,10216.0,2
87,01/02/21,694,10213.0,10213.0,10211.0,10211.0,6
88,01/02/21,697,10211.0,10211.0,10200.0,10200.0,16
89,01/02/21,698,10191.0,10192.0,10191.0,10192.0,2
90,01/02/21,699,10191.0,10191.0,10190.0,10190.0,12
91,01/02/21,700,10190.0,10190.0,10190.0,10190.0,2
92,01/02/21,701,10189.0,10189.0,10188.0,10188.0,2
93,01/02/21,702,10188.0,10188.0,10188.0,10188.0,5
94,01/02/21,703,10188.0,10188.0,10188.0,10188.0,4
95,01/02/21,704,10188.0,10188.0,10188.0,10188.0,2
96,01/02/21,705,10188.0,10188.0,10188.0,10188.0,16
97,01/02/21,706,10187.0,10188.0,10187.0,10188.0,20
98,01/02/21,707,10188.0,10188.0,10188.0,10188.0,34
99,01/02/21,710,10188.0,10188.0,10188.0,10188.0,1
100,01/02/21,711,10188.0,10188.0,10188.0,10188.0,1
101,01/02/21,712,10190.0,10190.0,10190.0,10190.0,5
102,01/02/21,713,10190.0,10190.0,10190.0,10190.0,3
103,01/02/21,714,10190.0,10190.0,10190.0,10190.0,3
104,01/02/21,716,10190.0,10190.0,10189.0,10190.0,20
105,01/02/21,717,10190.0,10200.0,10190.0,10200.0,7
106,01/02/21,718,10200.0,10200.0,10200.0,10200.0,1
107,01/02/21,721,10200.0,10200.0,10149.0,10149.0,209
108,01/02/21,722,10148.0,10150.0,10148.0,10148.0,7
109,01/02/21,723,10123.0,10124.0,10122.0,10124.0,47
110,01/02/21,724,10126.0,10126.0,10126.0,10126.0,46
111,01/02/21,725,10146.0,10150.0,10146.0,10150.0,48
112,01/02/21,726,10150.0,10150.0,10150.0,10150.0,105
113,01/02/21,728,10182.0,10182.0,10182.0,10182.0,1
114,01/02/21,730,10182.0,10182.0,10182.0,10182.0,1
115,01/02/21,732,10182.0,10182.0,10182.0,10182.0,4
116,01/02/21,733,10170.0,10199.0,10151.0,10171.0,14
117,01/02/21,734,10172.0,10172.0,10171.0,10171.0,3
118,01/02/21,736,10171.0,10171.0,10171.0,10171.0,1
119,01/02/21,738,10171.0,10195.0,10162.0,10195.0,3
120,01/02/21,739,10194.0,10219.0,10194.0,10219.0,2
121,01/02/21,740,10219.0,10219.0,10196.0,10196.0,9
122,01/02/21,741,10214.0,10217.0,10214.0,10217.0,10
123,01/02/21,742,10217.0,10217.0,10217.0,10217.0,5
124,01/02/21,744,10217.0,10217.0,10217.0,10217.0,15
125,01/02/21,747,10209.0,10209.0,10209.0,10209.0,2
126,01/02/21,749,10215.0,10215.0,10209.0,10212.0,52
127,01/02/21,750,10209.0,10209.0,10209.0,10209.0,12
128,01/02/21,752,10215.0,10219.0,10215.0,10219.0,5
129,01/02/21,753,10219.0,10219.0,10215.0,10215.0,12
130,01/02/21,754,10215.0,10215.0,10215.0,10215.0,4
131,01/02/21,755,10211.0,10211.0,10209.0,10209.0,26
132,01/02/21,756,10205.0,10205.0,10205.0,10205.0,3
133,01/02/21,757,10205.0,10205.0,10205.0,10205.0,3
134,01/02/21,758,10205.0,10205.0,10205.0,10205.0,15
135,01/02/21,759,10206.0,10206.0,10206.0,10206.0,1
136,01/02/21,760,10206.0,10206.0,10206.0,10206.0,1
137,01/02/21,761,10206.0,10206.0,10206.0,10206.0,1
138,01/02/21,762,10209.0,10209.0,10209.0,10209.0,2
139,01/02/21,763,10215.0,10215.0,10209.0,10209.0,4
140,01/02/21,764,10209.0,10209.0,10206.0,10206.0,10
141,01/02/21,765,10213.0,10213.0,10211.0,10211.0,40
142,01/02/21,766,10213.0,10213.0,10210.0,10210.0,10
143,01/02/21,767,10210.0,10210.0,10210.0,10210.0,20
144,01/02/21,768,10210.0,10210.0,10210.0,10210.0,1
145,01/02/21,769,10210.0,10210.0,10210.0,10210.0,3
146,01/02/21,773,10211.0,10211.0,10211.0,10211.0,12
147,01/02/21,774,10210.0,10210.0,10210.0,10210.0,5
148,01/02/21,775,10210.0,10210.0,10210.0,10210.0,2
149,01/02/21,778,10211.0,10211.0,10211.0,10211.0,1
150,01/02/21,779,10211.0,10211.0,10211.0,10211.0,1
151,01/02/21,784,10215.0,10215.0,10215.0,10215.0,8
152,01/02/21,785,10214.0,10215.0,10214.0,10215.0,20
153,01/02/21,786,10215.0,10221.0,10215.0,10221.0,3
154,01/02/21,787,10223.0,10223.0,10223.0,10223.0,1
155,01/02/21,788,10223.0,10223.0,10223.0,10223.0,1
156,01/02/21,789,10223.0,10223.0,10211.0,10211.0,4
157,01/02/21,790,10222.0,10222.0,10222.0,10222.0,2
158,01/02/21,791,10220.0,10220.0,10220.0,10220.0,2
159,01/02/21,792,10212.0,10212.0,10212.0,10212.0,2
160,01/02/21,794,10213.0,10213.0,10213.0,10213.0,1
161,01/02/21,795,10230.0,10230.0,10229.0,10230.0,10
162,01/02/21,796,10230.0,10230.0,10230.0,10230.0,1
163,01/02/21,797,10230.0,10230.0,10230.0,10230.0,1
164,01/02/21,798,10230.0,10230.0,10230.0,10230.0,11
165,01/02/21,799,10230.0,10230.0,10230.0,10230.0,6
166,01/02/21,800,10230.0,10230.0,10230.0,10230.0,1
167,01/02/21,803,10230.0,10230.0,10229.0,10230.0,4
168,01/02/21,804,10230.0,10230.0,10230.0,10230.0,1
169,01/02/21,805,10230.0,10230.0,10230.0,10230.0,1
170,01/02/21,806,10230.0,10230.0,10227.0,10227.0,2
171,01/02/21,807,10215.0,10215.0,10210.0,10210.0,140
172,01/02/21,814,10226.0,10232.0,10226.0,10232.0,3
173,01/02/21,818,10232.0,10232.0,10232.0,10232.0,8
174,01/02/21,821,10235.0,10238.0,10235.0,10237.0,94
175,01/02/21,822,10237.0,10238.0,10237.0,10238.0,116
176,01/02/21,823,10232.0,10232.0,10230.0,10230.0,23
177,01/02/21,824,10230.0,10230.0,10226.0,10226.0,8
178,01/02/21,825,10220.0,10220.0,10210.0,10210.0,10
179,01/02/21,830,10211.0,10211.0,10211.0,10211.0,1
180,01/02/21,832,10235.0,10235.0,10235.0,10235.0,6
181,01/02/21,833,10230.0,10230.0,10230.0,10230.0,1
182,01/02/21,836,10230.0,10230.0,10230.0,10230.0,3
183,01/02/21,839,10230.0,10230.0,10230.0,10230.0,3
184,01/02/21,840,10226.0,10226.0,10226.0,10226.0,11
185,01/02/21,841,10224.0,10224.0,10224.0,10224.0,4
186,01/02/21,843,10224.0,10224.0,10220.0,10220.0,2
187,01/02/21,844,10220.0,10220.0,10212.0,10212.0,3
188,01/02/21,846,10212.0,10212.0,10212.0,10212.0,2
189,01/02/21,848,10213.0,10228.0,10213.0,10228.0,61
190,01/02/21,851,10215.0,10216.0,10215.0,10215.0,3
191,01/02/21,852,10216.0,10216.0,10216.0,10216.0,1
192,01/02/21,853,10216.0,10216.0,10216.0,10216.0,3
193,01/02/21,854,10216.0,10216.0,10216.0,10216.0,4
194,01/02/21,866,10220.0,10220.0,10220.0,10220.0,1
195,01/02/21,868,10220.0,10220.0,10220.0,10220.0,1
196,01/02/21,869,10220.0,10227.0,10220.0,10227.0,2
197,01/02/21,870,10220.0,10220.0,10220.0,10220.0,1
198,01/02/21,871,10220.0,10220.0,10220.0,10220.0,4
199,01/02/21,876,10226.0,10226.0,10226.0,10226.0,1
200,01/02/21,877,10226.0,10226.0,10226.0,10226.0,2
201,01/02/21,880,10226.0,10227.0,10226.0,10227.0,3
202,01/02/21,883,10226.0,10226.0,10215.0,10216.0,77
203,01/02/21,884,10215.0,10215.0,10215.0,10215.0,1
204,01/02/21,885,10215.0,10215.0,10215.0,10215.0,6
205,01/02/21,886,10221.0,10226.0,10221.0,10226.0,3
206,01/02/21,887,10226.0,10226.0,10226.0,10226.0,6
207,01/02/21,890,10226.0,10226.0,10226.0,10226.0,7
208,01/02/21,893,10227.0,10227.0,10227.0,10227.0,3
209,01/02/21,894,10227.0,10227.0,10227.0,10227.0,1
210,01/02/21,895,10228.0,10228.0,10228.0,10228.0,2
211,01/02/21,896,10228.0,10228.0,10228.0,10228.0,1
212,01/02/21,897,10228.0,10228.0,10228.0,10228.0,1
213,01/02/21,899,10228.0,10228.0,10228.0,10228.0,7
214,01/02/21,901,10228.0,10228.0,10210.0,10210.0,95
215,01/02/21,902,10200.0,10200.0,10195.0,10195.0,84
216,01/02/21,903,10190.0,10190.0,10184.0,10184.0,2
217,01/02/21,904,10183.0,10196.0,10183.0,10196.0,5
218,01/02/21,905,10177.0,10191.0,10176.0,10191.0,4
219,01/02/21,907,10191.0,10191.0,10191.0,10191.0,11
220,01/02/21,908,10177.0,10177.0,10175.0,10175.0,40
221,01/02/21,910,10169.0,10169.0,10169.0,10169.0,1
222,01/02/21,911,10165.0,10165.0,10160.0,10160.0,2
223,01/02/21,915,10160.0,10160.0,10157.0,10157.0,57
224,01/02/21,916,10158.0,10158.0,10157.0,10157.0,2
225,01/02/21,917,10157.0,10167.0,10157.0,10167.0,2
226,01/02/21,918,10167.0,10167.0,10167.0,10167.0,2
227,01/02/21,923,10174.0,10174.0,10174.0,10174.0,2
228,01/02/21,927,10174.0,10180.0,10174.0,10180.0,3
229,01/02/21,928,10206.0,10215.0,10205.0,10206.0,8
230,01/02/21,934,10214.0,10214.0,10208.0,10208.0,2
231,01/02/21,936,10208.0,10208.0,10206.0,10206.0,20
232,01/02/21,937,10202.0,10202.0,10202.0,10202.0,1
233,01/02/21,938,10193.0,10194.0,10193.0,10194.0,2
234,01/02/21,940,10194.0,10213.0,10194.0,10194.0,107
235,01/02/21,943,10195.0,10195.0,10194.0,10194.0,3
236,01/02/21,946,10194.0,10194.0,10194.0,10194.0,1
237,01/02/21,947,10194.0,10194.0,10194.0,10194.0,9
238,01/02/21,948,10192.0,10193.0,10192.0,10193.0,3
239,01/02/21,949,10193.0,10193.0,10190.0,10190.0,15
240,01/02/21,951,10180.0,10180.0,10180.0,10180.0,1
241,01/02/21,953,10180.0,10180.0,10180.0,10180.0,4
242,01/02/21,960,10180.0,10180.0,10180.0,10180.0,10
243,01/02/21,963,10181.0,10181.0,10180.0,10180.0,5
244,01/02/21,964,10174.0,10174.0,10174.0,10174.0,11
245,01/02/21,966,10170.0,10170.0,10170.0,10170.0,60
246,01/02/21,967,10170.0,10170.0,10170.0,10170.0,5
247,01/02/21,968,10170.0,10170.0,10170.0,10170.0,81
248,01/02/21,969,10170.0,10170.0,10170.0,10170.0,5
249,01/02/21,970,10169.0,10170.0,10167.0,10170.0,4
250,01/02/21,971,10170.0,10170.0,10170.0,10170.0,3
251,01/02/21,972,10169.0,10169.0,10169.0,10169.0,2
252,01/02/21,973,10170.0,10170.0,10170.0,10170.0,29
253,01/02/21,979,10170.0,10170.0,10170.0,10170.0,5
254,01/02/21,988,10171.0,10171.0,10171.0,10171.0,2
255,01/02/21,989,10192.0,10192.0,10191.0,10191.0,3
256,01/02/21,990,10193.0,10193.0,10193.0,10193.0,1
257,01/02/21,991,10200.0,10200.0,10200.0,10200.0,1
258,01/02/21,993,10200.0,10204.0,10200.0,10204.0,2
259,01/02/21,994,10204.0,10204.0,10204.0,10204.0,5
260,01/02/21,995,10204.0,10204.0,10204.0,10204.0,5
261,01/02/21,997,10204.0,10204.0,10204.0,10204.0,1
262,01/02/21,1001,10204.0,10204.0,10194.0,10194.0,4
263,01/02/21,1002,10193.0,10193.0,10193.0,10193.0,56
264,01/02/21,1007,10193.0,10193.0,10193.0,10193.0,2
265,01/02/21,1015,10202.0,10202.0,10202.0,10202.0,1
266,01/02/21,1017,10200.0,10202.0,10200.0,10202.0,3
267,01/02/21,1018,10200.0,10200.0,10200.0,10200.0,1
268,01/02/21,1019,10198.0,10202.0,10198.0,10198.0,158
269,01/02/21,1022,10198.0,10198.0,10198.0,10198.0,1
270,01/02/21,1024,10196.0,10196.0,10193.0,10193.0,20
271,01/02/21,1025,10191.0,10191.0,10191.0,10191.0,5
272,01/02/21,1026,10188.0,10188.0,10188.0,10188.0,7
273,01/02/21,1027,10194.0,10194.0,10194.0,10194.0,1
274,01/02/21,1028,10201.0,10201.0,10201.0,10201.0,1
275,01/02/21,1029,10199.0,10199.0,10195.0,10195.0,6
276,01/02/21,1030,10188.0,10188.0,10188.0,10188.0,7
277,01/02/21,1032,10196.0,10196.0,10196.0,10196.0,5
278,01/02/21,1033,10197.0,10197.0,10197.0,10197.0,1
279,01/02/21,1034,10180.0,10180.0,10180.0,10180.0,1
280,01/02/21,1041,10194.0,10194.0,10194.0,10194.0,1
281,01/02/21,1042,10193.0,10193.0,10193.0,10193.0,1
282,01/02/21,1044,10193.0,10193.0,10193.0,10193.0,2
283,01/02/21,1047,10182.0,10182.0,10180.0,10180.0,51
284,01/02/21,1049,10180.0,10180.0,10180.0,10180.0,1
285,01/02/21,1050,10180.0,10180.0,10171.0,10171.0,4
286,01/02/21,1051,10171.0,10193.0,10165.0,10193.0,138
287,01/02/21,1052,10213.0,10241.0,10185.0,10185.0,245
288,01/02/21,1053,10210.0,10210.0,10210.0,10210.0,1
289,01/02/21,1054,10215.0,10240.0,10215.0,10240.0,10
290,01/02/21,1055,10240.0,10250.0,10240.0,10250.0,20
291,01/02/21,1056,10250.0,10250.0,10240.0,10240.0,22
292,01/02/21,1057,10233.0,10233.0,10233.0,10233.0,4
293,01/02/21,1059,10191.0,10191.0,10184.0,10184.0,15
294,01/02/21,1060,10161.0,10184.0,10161.0,10184.0,5
295,01/02/21,1061,10190.0,10190.0,10190.0,10190.0,5
296,01/02/21,1062,10186.0,10186.0,10167.0,10167.0,3
297,01/02/21,1063,10161.0,10161.0,10143.0,10143.0,57
298,01/02/21,1064,10147.0,10147.0,10147.0,10147.0,2
299,01/02/21,1065,10143.0,10143.0,10127.0,10141.0,88
300,01/02/21,1066,10141.0,10141.0,10141.0,10141.0,1
301,01/02/21,1067,10124.0,10124.0,10123.0,10123.0,3
302,01/02/21,1068,10107.0,10107.0,10075.0,10100.0,41
303,01/02/21,1069,10090.0,10090.0,10090.0,10090.0,2
304,01/02/21,1070,10050.0,10072.0,10033.0,10039.0,108
305,01/02/21,1071,10033.0,10062.0,10033.0,10062.0,14
306,01/02/21,1072,10038.0,10038.0,10018.0,10018.0,613
307,01/02/21,1073,10005.0,10005.0,9995.0,10000.0,167
308,01/02/21,1074,10013.0,10020.0,10013.0,10020.0,72
309,01/02/21,1076,10031.0,10032.0,10031.0,10032.0,4
310,01/02/21,1077,10069.0,10069.0,10066.0,10066.0,12
311,01/02/21,1078,10067.0,10067.0,10040.0,10042.0,7
312,01/02/21,1079,10060.0,10060.0,10056.0,10056.0,3
313,01/02/21,1080,10058.0,10070.0,10058.0,10070.0,2
314,01/02/21,1081,10081.0,10081.0,10081.0,10081.0,485
315,01/02/21,1082,10075.0,10079.0,10056.0,10056.0,56
316,01/02/21,1084,10056.0,10056.0,10056.0,10056.0,5
317,01/02/21,1085,10060.0,10060.0,10060.0,10060.0,26
318,01/02/21,1086,10060.0,10060.0,10050.0,10050.0,12
319,01/02/21,1087,10042.0,10052.0,10032.0,10052.0,17
320,01/02/21,1088,10050.0,10050.0,10042.0,10042.0,5
321,01/02/21,1089,10037.0,10037.0,10037.0,10037.0,1
322,01/02/21,1090,10032.0,10032.0,10025.0,10025.0,30
323,01/02/21,1091,10026.0,10053.0,10026.0,10053.0,13
324,01/02/21,1092,10053.0,10053.0,10053.0,10053.0,2
325,01/02/21,1093,10078.0,10092.0,10078.0,10092.0,60
326,01/02/21,1094,10092.0,10092.0,10092.0,10092.0,1
327,01/02/21,1095,10106.0,10106.0,10098.0,10098.0,16
328,01/02/21,1096,10099.0,10099.0,10099.0,10099.0,3
329,01/02/21,1097,10106.0,10110.0,10106.0,10109.0,16
330,01/02/21,1098,10095.0,10095.0,10078.0,10078.0,2
331,01/02/21,1103,10105.0,10105.0,10105.0,10105.0,7
332,01/02/21,1105,10108.0,10109.0,10108.0,10109.0,2
333,01/02/21,1107,10109.0,10109.0,10109.0,10109.0,1
334,01/02/21,1110,10145.0,10145.0,10145.0,10145.0,1
335,01/02/21,1111,10153.0,10153.0,10153.0,10153.0,9
336,01/02/21,1112,10153.0,10153.0,10150.0,10150.0,5
337,01/02/21,1113,10145.0,10145.0,10145.0,10145.0,24
338,01/02/21,1114,10145.0,10150.0,10145.0,10150.0,2
339,01/02/21,1115,10148.0,10148.0,10148.0,10148.0,1
340,01/02/21,1116,10142.0,10142.0,10142.0,10142.0,21
341,01/02/21,1117,10131.0,10131.0,10131.0,10131.0,2
342,01/02/21,1120,10131.0,10131.0,10131.0,10131.0,14
343,01/02/21,1123,10148.0,10185.0,10148.0,10185.0,122
344,01/02/21,1124,10185.0,10187.0,10185.0,10187.0,11
345,01/02/21,1125,10179.0,10179.0,10173.0,10173.0,12
346,01/02/21,1133,10173.0,10173.0,10173.0,10173.0,11
347,01/02/21,1135,10132.0,10132.0,10131.0,10131.0,3
348,01/02/21,1136,10130.0,10130.0,10130.0,10130.0,1
349,01/02/21,1137,10128.0,10128.0,10109.0,10109.0,30
350,01/02/21,1141,10147.0,10250.0,10147.0,10250.0,100
351,01/02/21,1142,10126.0,10126.0,10126.0,10126.0,1
352,01/02/21,1143,10109.0,10109.0,10094.0,10109.0,57
353,01/02/21,1145,10115.0,10115.0,10115.0,10115.0,21
354,01/02/21,1146,10109.0,10109.0,10109.0,10109.0,10
355,01/02/21,1148,10126.0,10126.0,10126.0,10126.0,1
356,01/02/21,1149,10138.0,10144.0,10138.0,10144.0,4
357,01/02/21,1150,10128.0,10132.0,10128.0,10132.0,15
358,01/02/21,1153,10150.0,10150.0,10149.0,10149.0,2
359,01/02/21,1154,10164.0,10164.0,10164.0,10164.0,3
360,01/02/21,1157,10163.0,10164.0,10163.0,10164.0,3
361,01/02/21,1162,10165.0,10165.0,10164.0,10164.0,5
362,01/02/21,1163,10186.0,10186.0,10186.0,10186.0,12
363,01/02/21,1165,10198.0,10198.0,10186.0,10186.0,2
364,01/02/21,1166,10186.0,10186.0,10186.0,10186.0,3
365,01/02/21,1168,10194.0,10200.0,10194.0,10200.0,3
366,01/02/21,1169,10200.0,10200.0,10199.0,10200.0,24
367,01/02/21,1170,10223.0,10223.0,10219.0,10219.0,112
368,01/02/21,1171,10213.0,10213.0,10213.0,10213.0,3
369,01/02/21,1172,10215.0,10215.0,10213.0,10213.0,3
370,01/02/21,1173,10211.0,10211.0,10200.0,10200.0,5
371,01/02/21,1175,10200.0,10200.0,10200.0,10200.0,4
372,01/02/21,1176,10200.0,10200.0,10200.0,10200.0,6
373,01/02/21,1177,10200.0,10202.0,10200.0,10200.0,92
374,01/02/21,1179,10200.0,10200.0,10200.0,10200.0,21
375,01/02/21,1182,10218.0,10219.0,10218.0,10219.0,17
376,01/02/21,1183,10219.0,10219.0,10219.0,10219.0,54
377,01/02/21,1184,10219.0,10230.0,10219.0,10230.0,18
378,01/02/21,1185,10230.0,10230.0,10218.0,10218.0,7
379,01/02/21,1187,10217.0,10217.0,10217.0,10217.0,3
380,01/02/21,1188,10217.0,10217.0,10217.0,10217.0,1
381,01/02/21,1190,10218.0,10218.0,10218.0,10218.0,4
382,01/02/21,1192,10224.0,10224.0,10222.0,10224.0,4
383,01/02/21,1193,10225.0,10226.0,10225.0,10225.0,14
384,01/02/21,1194,10225.0,10232.0,10225.0,10232.0,7
385,01/02/21,1195,10225.0,10231.0,10224.0,10231.0,4
386,01/02/21,1196,10231.0,10231.0,10217.0,10217.0,26
387,01/02/21,1198,10200.0,10200.0,10200.0,10200.0,76
388,01/02/21,1199,10200.0,10200.0,10200.0,10200.0,1
389,01/02/21,1200,10205.0,10205.0,10205.0,10205.0,20
390,01/02/21,1201,10205.0,10205.0,10205.0,10205.0,1
391,01/02/21,1202,10217.0,10217.0,10208.0,10208.0,6
392,01/02/21,1203,10211.0,10211.0,10211.0,10211.0,4
393,01/02/21,1205,10215.0,10215.0,10211.0,10211.0,2
394,01/02/21,1208,10234.0,10234.0,10234.0,10234.0,118
395,01/02/21,1209,10240.0,10240.0,10240.0,10240.0,3
396,01/02/21,1210,10245.0,10250.0,10242.0,10250.0,40
397,01/02/21,1211,10250.0,10250.0,10250.0,10250.0,35
398,01/02/21,1212,10241.0,10253.0,10241.0,10253.0,12
399,01/02/21,1213,10255.0,10257.0,10255.0,10257.0,11
400,01/02/21,1214,10260.0,10260.0,10260.0,10260.0,1
401,01/02/21,1215,10260.0,10260.0,10260.0,10260.0,13
402,01/02/21,1217,10260.0,10260.0,10260.0,10260.0,90
403,01/02/21,1220,10256.0,10256.0,10256.0,10256.0,1
404,01/02/21,1221,10256.0,10256.0,10256.0,10256.0,1
405,01/02/21,1222,10256.0,10256.0,10254.0,10254.0,7
406,01/02/21,1224,10260.0,10270.0,10260.0,10270.0,2
407,01/02/21,1225,10267.0,10267.0,10267.0,10267.0,10
408,01/02/21,1226,10269.0,10269.0,10269.0,10269.0,20
409,01/02/21,1227,10253.0,10253.0,10249.0,10249.0,112
410,01/02/21,1229,10251.0,10251.0,10251.0,10251.0,1
411,01/02/21,1230,10255.0,10264.0,10255.0,10264.0,11
412,01/02/21,1231,10265.0,10265.0,10265.0,10265.0,3
413,01/02/21,1232,10265.0,10274.0,10265.0,10274.0,10
414,01/02/21,1233,10265.0,10266.0,10265.0,10265.0,61
415,01/02/21,1234,10261.0,10261.0,10251.0,10252.0,157
416,01/02/21,1235,10256.0,10256.0,10249.0,10249.0,3
417,01/02/21,1236,10245.0,10249.0,10244.0,10244.0,118
418,01/02/21,1237,10245.0,10245.0,10240.0,10240.0,106
419,01/02/21,1238,10223.0,10223.0,10222.0,10222.0,24
420,01/02/21,1240,10239.0,10239.0,10239.0,10239.0,2
421,01/02/21,1241,10239.0,10240.0,10239.0,10240.0,2
422,01/02/21,1245,10260.0,10260.0,10260.0,10260.0,24
423,01/02/21,1246,10257.0,10257.0,10233.0,10233.0,100
424,01/02/21,1247,10233.0,10233.0,10233.0,10233.0,1
425,01/02/21,1249,10224.0,10224.0,10224.0,10224.0,30
426,01/02/21,1251,10243.0,10243.0,10243.0,10243.0,1
427,01/02/21,1253,10235.0,10235.0,10235.0,10235.0,17
428,01/02/21,1258,10250.0,10250.0,10250.0,10250.0,1
429,01/02/21,1259,10250.0,10250.0,10250.0,10250.0,4
430,01/02/21,1260,10259.0,10259.0,10257.0,10257.0,128
431,01/02/21,1261,10260.0,10260.0,10260.0,10260.0,1
432,01/02/21,1262,10261.0,10261.0,10260.0,10260.0,43
433,01/02/21,1264,10260.0,10260.0,10260.0,10260.0,1
434,01/02/21,1265,10260.0,10269.0,10260.0,10264.0,7
435,01/02/21,1266,10264.0,10264.0,10264.0,10264.0,2
436,01/02/21,1267,10264.0,10264.0,10264.0,10264.0,33
437,01/02/21,1268,10264.0,10264.0,10263.0,10263.0,2
438,01/02/21,1269,10272.0,10284.0,10272.0,10284.0,10
439,01/02/21,1270,10280.0,10280.0,10276.0,10276.0,6
440,01/02/21,1271,10270.0,10270.0,10260.0,10261.0,11
441,01/02/21,1274,10280.0,10280.0,10280.0,10280.0,1
442,01/02/21,1275,10284.0,10284.0,10284.0,10284.0,2
443,01/02/21,1276,10287.0,10287.0,10284.0,10284.0,10
444,01/02/21,1277,10282.0,10282.0,10282.0,10282.0,7
445,01/02/21,1278,10275.0,10275.0,10275.0,10275.0,4
446,01/02/21,1281,10271.0,10275.0,10271.0,10275.0,34
447,01/02/21,1282,10280.0,10289.0,10280.0,10289.0,8
448,01/02/21,1283,10289.0,10290.0,10287.0,10287.0,34
449,01/02/21,1284,10287.0,10295.0,10287.0,10295.0,11
450,01/02/21,1285,10297.0,10298.0,10297.0,10298.0,3
451,01/02/21,1286,10298.0,10299.0,10297.0,10298.0,15
452,01/02/21,1287,10287.0,10287.0,10285.0,10285.0,36
453,01/02/21,1288,10286.0,10286.0,10286.0,10286.0,1
454,01/02/21,1289,10281.0,10284.0,10275.0,10284.0,57
455,01/02/21,1290,10282.0,10282.0,10270.0,10274.0,19
456,01/02/21,1291,10274.0,10274.0,10274.0,10274.0,2
457,01/02/21,1292,10274.0,10278.0,10274.0,10274.0,24
458,01/02/21,1293,10277.0,10277.0,10277.0,10277.0,1
459,01/02/21,1294,10278.0,10287.0,10278.0,10287.0,4
460,01/02/21,1295,10281.0,10281.0,10280.0,10280.0,96
461,01/02/21,1296,10277.0,10277.0,10261.0,10261.0,203
462,01/02/21,1297,10255.0,10255.0,10250.0,10250.0,3
463,01/02/21,1298,10250.0,10250.0,10250.0,10250.0,17
464,01/02/21,1301,10250.0,10250.0,10248.0,10248.0,12
465,01/02/21,1303,10235.0,10235.0,10235.0,10235.0,1
466,01/02/21,1304,10235.0,10235.0,10233.0,10233.0,2
467,01/02/21,1306,10234.0,10234.0,10234.0,10234.0,1
468,01/02/21,1307,10229.0,10229.0,10224.0,10224.0,4
469,01/02/21,1308,10220.0,10220.0,10211.0,10211.0,4
470,01/02/21,1320,10245.0,10245.0,10245.0,10245.0,1
471,01/02/21,1321,10245.0,10245.0,10245.0,10245.0,2
472,01/02/21,1322,10244.0,10245.0,10238.0,10238.0,6
473,01/02/21,1324,10234.0,10234.0,10234.0,10234.0,11
474,01/02/21,1325,10233.0,10233.0,10233.0,10233.0,1
475,01/02/21,1326,10227.0,10227.0,10227.0,10227.0,1
476,01/02/21,1328,10234.0,10234.0,10234.0,10234.0,1
477,01/02/21,1333,10235.0,10235.0,10231.0,10231.0,2
478,01/02/21,1334,10230.0,10231.0,10230.0,10231.0,5
479,01/02/21,1338,10231.0,10231.0,10231.0,10231.0,1
480,01/02/21,1339,10228.0,10228.0,10228.0,10228.0,5
481,01/02/21,1341,10218.0,10218.0,10212.0,10212.0,3
482,01/02/21,1342,10211.0,10211.0,10205.0,10205.0,48
483,01/02/21,1343,10190.0,10190.0,10187.0,10187.0,10
484,01/02/21,1345,10200.0,10200.0,10200.0,10200.0,6
485,01/02/21,1346,10205.0,10205.0,10205.0,10205.0,1
486,01/02/21,1350,10218.0,10220.0,10218.0,10220.0,3
487,01/02/21,1351,10218.0,10218.0,10213.0,10213.0,2
488,01/02/21,1352,10205.0,10205.0,10205.0,10205.0,10
489,01/02/21,1353,10205.0,10205.0,10205.0,10205.0,1
490,01/02/21,1354,10205.0,10205.0,10205.0,10205.0,1
491,01/02/21,1355,10208.0,10208.0,10208.0,10208.0,8
492,01/02/21,1356,10207.0,10207.0,10207.0,10207.0,48
493,01/02/21,1357,10207.0,10207.0,10205.0,10205.0,25
494,01/02/21,1358,10196.0,10196.0,10195.0,10195.0,7
495,01/02/21,1359,10186.0,10186.0,10183.0,10183.0,5
496,01/02/21,1360,10180.0,10180.0,10180.0,10180.0,1
497,01/02/21,1361,10182.0,10183.0,10182.0,10183.0,105
498,01/02/21,1365,10208.0,10208.0,10208.0,10208.0,75
499,01/02/21,1366,10218.0,10218.0,10208.0,10208.0,13
500,01/02/21,1367,10215.0,10215.0,10215.0,10215.0,15
501,01/02/21,1371,10218.0,10218.0,10218.0,10218.0,5
502,01/02/21,1373,10222.0,10222.0,10222.0,10222.0,4
503,01/02/21,1374,10222.0,10222.0,10218.0,10218.0,89
504,01/02/21,1377,10215.0,10215.0,10205.0,10205.0,15
505,01/02/21,1378,10205.0,10205.0,10200.0,10200.0,2
506,01/02/21,1380,10205.0,10205.0,10205.0,10205.0,3
507,01/02/21,1383,10215.0,10218.0,10210.0,10210.0,101
508,01/02/21,1385,10222.0,10229.0,10222.0,10229.0,2
509,01/02/21,1386,10222.0,10222.0,10222.0,10222.0,40
510,01/02/21,1387,10221.0,10221.0,10221.0,10221.0,40
511,01/02/21,1388,10222.0,10222.0,10222.0,10222.0,21
512,01/02/21,1391,10228.0,10228.0,10222.0,10222.0,5
513,01/02/21,1392,10215.0,10215.0,10210.0,10210.0,13
514,01/02/21,1393,10222.0,10222.0,10222.0,10222.0,1
515,01/02/21,1394,10222.0,10222.0,10222.0,10222.0,2
516,01/02/21,1395,10219.0,10219.0,10219.0,10219.0,2
517,01/02/21,1400,10220.0,10220.0,10220.0,10220.0,4
518,01/02/21,1402,10220.0,10220.0,10220.0,10220.0,1
519,01/02/21,1403,10223.0,10223.0,10223.0,10223.0,100
520,01/02/21,1404,10223.0,10223.0,10223.0,10223.0,50
521,01/02/21,1406,10224.0,10224.0,10224.0,10224.0,1
522,01/02/21,1410,10230.0,10230.0,10230.0,10230.0,3
523,01/02/21,1413,10230.0,10230.0,10229.0,10229.0,29
524,01/02/21,1416,10245.0,10245.0,10245.0,10245.0,1
525,01/02/21,1417,10254.0,10254.0,10250.0,10250.0,11
526,01/02/21,1419,10251.0,10251.0,10251.0,10251.0,1
527,01/02/21,1420,10251.0,10251.0,10251.0,10251.0,1
528,01/02/21,1421,10251.0,10251.0,10251.0,10251.0,5
529,01/02/21,1423,10251.0,10251.0,10251.0,10251.0,2
530,01/02/21,1424,10255.0,10258.0,10255.0,10258.0,50
531,01/02/21,1428,10254.0,10254.0,10254.0,10254.0,3
532,01/02/21,1429,10253.0,10253.0,10253.0,10253.0,2
533,01/02/21,1430,10253.0,10253.0,10253.0,10253.0,51
534,02/02/21,601,10206.0,10206.0,10205.0,10206.0,13
535,02/02/21,604,10250.0,10250.0,10250.0,10250.0,127
536,02/02/21,605,10250.0,10250.0,10250.0,10250.0,2
537,02/02/21,606,10260.0,10261.0,10260.0,10260.0,12
538,02/02/21,607,10260.0,10299.0,10260.0,10268.0,42
539,02/02/21,608,10270.0,10270.0,10266.0,10266.0,47
540,02/02/21,609,10263.0,10289.0,10261.0,10261.0,9
541,02/02/21,610,10269.0,10269.0,10269.0,10269.0,1
542,02/02/21,612,10251.0,10251.0,10251.0,10251.0,10
543,02/02/21,613,10250.0,10272.0,10250.0,10272.0,19
544,02/02/21,614,10260.0,10277.0,10260.0,10276.0,16
545,02/02/21,615,10276.0,10276.0,10255.0,10255.0,115
546,02/02/21,616,10277.0,10277.0,10277.0,10277.0,1
547,02/02/21,617,10277.0,10277.0,10277.0,10277.0,16
548,02/02/21,618,10277.0,10277.0,10277.0,10277.0,7
549,02/02/21,619,10277.0,10277.0,10260.0,10261.0,16
550,02/02/21,620,10264.0,10277.0,10264.0,10277.0,3
551,02/02/21,621,10277.0,10277.0,10277.0,10277.0,2
552,02/02/21,622,10276.0,10290.0,10276.0,10290.0,38
553,02/02/21,623,10300.0,10300.0,10300.0,10300.0,94
554,02/02/21,624,10300.0,10300.0,10300.0,10300.0,47
555,02/02/21,625,10300.0,10300.0,10300.0,10300.0,580
556,02/02/21,626,10300.0,10300.0,10300.0,10300.0,339
557,02/02/21,627,10300.0,10300.0,10295.0,10295.0,81
558,02/02/21,628,10300.0,10300.0,10300.0,10300.0,10
559,02/02/21,629,10297.0,10299.0,10290.0,10297.0,19
560,02/02/21,630,10279.0,10300.0,10277.0,10298.0,25
561,02/02/21,631,10298.0,10298.0,10298.0,10298.0,1
562,02/02/21,633,10298.0,10298.0,10298.0,10298.0,1
563,02/02/21,634,10300.0,10300.0,10298.0,10298.0,12
564,02/02/21,635,10300.0,10300.0,10293.0,10300.0,65
565,02/02/21,636,10300.0,10300.0,10296.0,10296.0,6
566,02/02/21,638,10299.0,10299.0,10289.0,10289.0,5
567,02/02/21,639,10288.0,10288.0,10288.0,10288.0,1
568,02/02/21,640,10288.0,10288.0,10288.0,10288.0,1
569,02/02/21,641,10300.0,10300.0,10285.0,10285.0,11
570,02/02/21,642,10284.0,10284.0,10284.0,10284.0,6
571,02/02/21,644,10278.0,10278.0,10275.0,10275.0,62
572,02/02/21,645,10274.0,10283.0,10274.0,10283.0,11
573,02/02/21,646,10284.0,10284.0,10284.0,10284.0,1
574,02/02/21,648,10285.0,10285.0,10280.0,10280.0,15
575,02/02/21,649,10280.0,10280.0,10280.0,10280.0,6
576,02/02/21,652,10285.0,10285.0,10254.0,10254.0,16
577,02/02/21,654,10261.0,10300.0,10261.0,10261.0,29
578,02/02/21,657,10268.0,10268.0,10262.0,10262.0,11
579,02/02/21,658,10263.0,10263.0,10263.0,10263.0,1
580,02/02/21,659,10291.0,10291.0,10291.0,10291.0,2
581,02/02/21,661,10290.0,10291.0,10290.0,10291.0,7
582,02/02/21,662,10291.0,10291.0,10291.0,10291.0,3
583,02/02/21,664,10299.0,10300.0,10299.0,10300.0,5
584,02/02/21,665,10300.0,10300.0,10300.0,10300.0,1
585,02/02/21,666,10300.0,10300.0,10300.0,10300.0,40
586,02/02/21,668,10300.0,10300.0,10300.0,10300.0,10
587,02/02/21,669,10293.0,10293.0,10293.0,10293.0,2
588,02/02/21,670,10291.0,10299.0,10290.0,10292.0,25
589,02/02/21,672,10289.0,10289.0,10289.0,10289.0,1
590,02/02/21,674,10289.0,10289.0,10289.0,10289.0,1
591,02/02/21,675,10289.0,10289.0,10289.0,10289.0,7
592,02/02/21,676,10271.0,10271.0,10271.0,10271.0,1
593,02/02/21,677,10272.0,10272.0,10272.0,10272.0,1
594,02/02/21,680,10272.0,10272.0,10272.0,10272.0,5
595,02/02/21,681,10273.0,10284.0,10272.0,10284.0,41
596,02/02/21,682,10284.0,10284.0,10284.0,10284.0,1
597,02/02/21,683,10284.0,10284.0,10284.0,10284.0,1
598,02/02/21,684,10284.0,10285.0,10284.0,10285.0,3
599,02/02/21,685,10285.0,10285.0,10285.0,10285.0,1
600,02/02/21,686,10286.0,10286.0,10286.0,10286.0,50
601,02/02/21,687,10286.0,10286.0,10286.0,10286.0,3
602,02/02/21,688,10289.0,10289.0,10289.0,10289.0,26
603,02/02/21,689,10300.0,10300.0,10300.0,10300.0,236
604,02/02/21,690,10300.0,10300.0,10300.0,10300.0,2
605,02/02/21,691,10300.0,10300.0,10300.0,10300.0,1
606,02/02/21,692,10300.0,10300.0,10300.0,10300.0,2
607,02/02/21,694,10285.0,10299.0,10285.0,10290.0,29
608,02/02/21,695,10299.0,10299.0,10299.0,10299.0,11
609,02/02/21,696,10299.0,10299.0,10299.0,10299.0,5
610,02/02/21,698,10290.0,10295.0,10289.0,10295.0,5
611,02/02/21,699,10289.0,10292.0,10283.0,10292.0,38
612,02/02/21,700,10277.0,10277.0,10277.0,10277.0,22
613,02/02/21,701,10277.0,10277.0,10277.0,10277.0,1
614,02/02/21,702,10273.0,10273.0,10272.0,10272.0,8
615,02/02/21,704,10284.0,10284.0,10284.0,10284.0,1
616,02/02/21,705,10283.0,10283.0,10283.0,10283.0,1
617,02/02/21,706,10282.0,10295.0,10282.0,10295.0,34
618,02/02/21,707,10300.0,10300.0,10300.0,10300.0,2
619,02/02/21,708,10299.0,10299.0,10299.0,10299.0,2
620,02/02/21,709,10299.0,10299.0,10299.0,10299.0,2
621,02/02/21,710,10300.0,10300.0,10300.0,10300.0,10
622,02/02/21,713,10300.0,10300.0,10300.0,10300.0,1
623,02/02/21,716,10300.0,10300.0,10300.0,10300.0,1
624,02/02/21,719,10291.0,10299.0,10280.0,10299.0,22
625,02/02/21,721,10277.0,10277.0,10271.0,10271.0,2
626,02/02/21,722,10288.0,10300.0,10288.0,10300.0,10
627,02/02/21,723,10299.0,10300.0,10270.0,10270.0,21
628,02/02/21,724,10271.0,10284.0,10270.0,10270.0,80
629,02/02/21,725,10261.0,10270.0,10261.0,10270.0,34
630,02/02/21,726,10269.0,10269.0,10268.0,10268.0,2
631,02/02/21,727,10269.0,10269.0,10255.0,10255.0,6
632,02/02/21,728,10274.0,10275.0,10274.0,10275.0,10
633,02/02/21,731,10265.0,10265.0,10265.0,10265.0,3
634,02/02/21,736,10265.0,10265.0,10265.0,10265.0,3
635,02/02/21,737,10266.0,10266.0,10266.0,10266.0,1
636,02/02/21,742,10267.0,10267.0,10262.0,10262.0,50
637,02/02/21,743,10274.0,10287.0,10273.0,10273.0,11
638,02/02/21,746,10275.0,10275.0,10275.0,10275.0,2
639,02/02/21,747,10275.0,10275.0,10275.0,10275.0,6
640,02/02/21,748,10280.0,10280.0,10280.0,10280.0,1
641,02/02/21,750,10276.0,10278.0,10276.0,10278.0,7
642,02/02/21,751,10279.0,10279.0,10276.0,10276.0,6
643,02/02/21,752,10276.0,10276.0,10276.0,10276.0,1
644,02/02/21,753,10276.0,10276.0,10275.0,10275.0,4
645,02/02/21,755,10261.0,10261.0,10260.0,10261.0,11
646,02/02/21,757,10264.0,10264.0,10264.0,10264.0,1
647,02/02/21,762,10270.0,10270.0,10270.0,10270.0,2
648,02/02/21,763,10286.0,10292.0,10286.0,10292.0,3
649,02/02/21,766,10292.0,10292.0,10277.0,10277.0,20
650,02/02/21,768,10278.0,10278.0,10278.0,10278.0,1
651,02/02/21,769,10284.0,10287.0,10282.0,10287.0,14
652,02/02/21,770,10288.0,10288.0,10288.0,10288.0,3
653,02/02/21,771,10289.0,10300.0,10289.0,10300.0,8
654,02/02/21,772,10295.0,10300.0,10295.0,10300.0,15
655,02/02/21,773,10289.0,10294.0,10289.0,10294.0,11
656,02/02/21,775,10294.0,10294.0,10286.0,10286.0,22
657,02/02/21,776,10295.0,10299.0,10295.0,10299.0,150
658,02/02/21,778,10296.0,10296.0,10286.0,10286.0,30
659,02/02/21,779,10295.0,10295.0,10295.0,10295.0,3
660,02/02/21,782,10295.0,10295.0,10295.0,10295.0,31
661,02/02/21,785,10295.0,10295.0,10295.0,10295.0,9
662,02/02/21,786,10290.0,10290.0,10290.0,10290.0,120
663,02/02/21,788,10290.0,10290.0,10290.0,10290.0,3
664,02/02/21,790,10289.0,10290.0,10289.0,10290.0,21
665,02/02/21,794,10300.0,10300.0,10300.0,10300.0,22
666,02/02/21,795,10300.0,10300.0,10300.0,10300.0,1
667,02/02/21,796,10300.0,10300.0,10300.0,10300.0,2
668,02/02/21,797,10300.0,10300.0,10300.0,10300.0,87
669,02/02/21,799,10303.0,10303.0,10300.0,10300.0,370
670,02/02/21,800,10299.0,10300.0,10299.0,10300.0,3
671,02/02/21,805,10300.0,10300.0,10300.0,10300.0,99
672,02/02/21,806,10309.0,10309.0,10309.0,10309.0,3
673,02/02/21,807,10309.0,10309.0,10309.0,10309.0,54
674,02/02/21,808,10309.0,10310.0,10309.0,10310.0,100
675,02/02/21,809,10309.0,10309.0,10309.0,10309.0,100
676,02/02/21,810,10308.0,10308.0,10308.0,10308.0,1
677,02/02/21,811,10308.0,10308.0,10308.0,10308.0,1
678,02/02/21,813,10308.0,10310.0,10308.0,10310.0,52
679,02/02/21,814,10310.0,10310.0,10310.0,10310.0,6
680,02/02/21,815,10310.0,10310.0,10310.0,10310.0,10
681,02/02/21,816,10310.0,10310.0,10310.0,10310.0,5
682,02/02/21,818,10310.0,10310.0,10310.0,10310.0,3
683,02/02/21,819,10310.0,10310.0,10310.0,10310.0,96
684,02/02/21,821,10306.0,10308.0,10306.0,10308.0,2
685,02/02/21,824,10308.0,10308.0,10308.0,10308.0,1
686,02/02/21,826,10308.0,10308.0,10308.0,10308.0,48
687,02/02/21,827,10308.0,10308.0,10308.0,10308.0,35
688,02/02/21,829,10308.0,10308.0,10308.0,10308.0,2
689,02/02/21,830,10308.0,10308.0,10302.0,10308.0,28
690,02/02/21,832,10300.0,10300.0,10300.0,10300.0,1
691,02/02/21,833,10300.0,10300.0,10300.0,10300.0,12
692,02/02/21,834,10298.0,10298.0,10298.0,10298.0,1
693,02/02/21,836,10293.0,10293.0,10286.0,10286.0,53
694,02/02/21,838,10286.0,10290.0,10286.0,10290.0,3
695,02/02/21,842,10293.0,10293.0,10293.0,10293.0,1
696,02/02/21,846,10293.0,10293.0,10293.0,10293.0,107
697,02/02/21,847,10290.0,10290.0,10286.0,10286.0,102
698,02/02/21,849,10292.0,10292.0,10292.0,10292.0,2
699,02/02/21,850,10293.0,10293.0,10292.0,10293.0,100
700,02/02/21,852,10293.0,10297.0,10293.0,10297.0,9
701,02/02/21,855,10297.0,10297.0,10297.0,10297.0,2
702,02/02/21,856,10297.0,10297.0,10297.0,10297.0,1
703,02/02/21,857,10299.0,10299.0,10299.0,10299.0,9
704,02/02/21,859,10299.0,10302.0,10284.0,10284.0,83
705,02/02/21,860,10285.0,10288.0,10284.0,10288.0,5
706,02/02/21,861,10279.0,10289.0,10279.0,10289.0,3
707,02/02/21,865,10278.0,10278.0,10277.0,10277.0,5
708,02/02/21,869,10288.0,10288.0,10288.0,10288.0,1
709,02/02/21,872,10289.0,10289.0,10288.0,10289.0,3
710,02/02/21,877,10299.0,10299.0,10299.0,10299.0,1
711,02/02/21,880,10300.0,10300.0,10299.0,10299.0,9
712,02/02/21,881,10292.0,10292.0,10292.0,10292.0,10
713,02/02/21,882,10290.0,10290.0,10288.0,10288.0,71
714,02/02/21,884,10288.0,10288.0,10288.0,10288.0,1
715,02/02/21,889,10288.0,10289.0,10288.0,10288.0,4
716,02/02/21,895,10294.0,10294.0,10288.0,10288.0,2
717,02/02/21,899,10288.0,10288.0,10288.0,10288.0,1
718,02/02/21,901,10288.0,10288.0,10269.0,10269.0,80
719,02/02/21,902,10265.0,10266.0,10265.0,10266.0,80
720,02/02/21,903,10266.0,10266.0,10266.0,10266.0,1
721,02/02/21,905,10266.0,10266.0,10266.0,10266.0,22
722,02/02/21,906,10264.0,10264.0,10261.0,10261.0,4
723,02/02/21,907,10261.0,10261.0,10260.0,10260.0,6
724,02/02/21,909,10255.0,10255.0,10254.0,10254.0,102
725,02/02/21,911,10250.0,10250.0,10247.0,10249.0,8
726,02/02/21,912,10249.0,10249.0,10249.0,10249.0,14
727,02/02/21,913,10240.0,10248.0,10240.0,10248.0,6
728,02/02/21,914,10249.0,10249.0,10249.0,10249.0,6
729,02/02/21,915,10254.0,10254.0,10254.0,10254.0,22
730,02/02/21,918,10254.0,10254.0,10254.0,10254.0,78
731,02/02/21,919,10259.0,10259.0,10259.0,10259.0,3
732,02/02/21,922,10254.0,10254.0,10253.0,10253.0,20
733,02/02/21,923,10253.0,10253.0,10251.0,10251.0,7
734,02/02/21,924,10251.0,10251.0,10251.0,10251.0,2
735,02/02/21,925,10250.0,10250.0,10241.0,10241.0,6
736,02/02/21,927,10236.0,10236.0,10236.0,10236.0,22
737,02/02/21,928,10246.0,10250.0,10246.0,10250.0,71
738,02/02/21,929,10249.0,10249.0,10249.0,10249.0,2
739,02/02/21,930,10251.0,10251.0,10248.0,10248.0,6
740,02/02/21,931,10246.0,10246.0,10246.0,10246.0,1
741,02/02/21,937,10247.0,10247.0,10247.0,10247.0,1
742,02/02/21,938,10247.0,10247.0,10247.0,10247.0,1
743,02/02/21,939,10252.0,10255.0,10252.0,10255.0,105
744,02/02/21,941,10259.0,10259.0,10259.0,10259.0,3
745,02/02/21,942,10259.0,10259.0,10259.0,10259.0,6
746,02/02/21,944,10259.0,10259.0,10259.0,10259.0,1
747,02/02/21,947,10258.0,10258.0,10258.0,10258.0,4
748,02/02/21,949,10258.0,10258.0,10258.0,10258.0,3
749,02/02/21,955,10258.0,10258.0,10258.0,10258.0,2
750,02/02/21,956,10258.0,10258.0,10258.0,10258.0,4
751,02/02/21,957,10258.0,10258.0,10258.0,10258.0,9
752,02/02/21,959,10257.0,10257.0,10257.0,10257.0,1
753,02/02/21,963,10256.0,10256.0,10256.0,10256.0,16
754,02/02/21,967,10257.0,10259.0,10257.0,10259.0,8
755,02/02/21,970,10259.0,10259.0,10256.0,10256.0,8
756,02/02/21,971,10256.0,10256.0,10256.0,10256.0,2
757,02/02/21,973,10255.0,10255.0,10255.0,10255.0,2
758,02/02/21,974,10250.0,10251.0,10250.0,10251.0,4
759,02/02/21,975,10250.0,10250.0,10250.0,10250.0,7
760,02/02/21,979,10250.0,10250.0,10250.0,10250.0,2
761,02/02/21,980,10250.0,10250.0,10250.0,10250.0,1
762,02/02/21,981,10252.0,10260.0,10252.0,10260.0,16
763,02/02/21,984,10261.0,10261.0,10261.0,10261.0,2
764,02/02/21,985,10260.0,10261.0,10260.0,10261.0,5
765,02/02/21,986,10269.0,10273.0,10269.0,10273.0,4
766,02/02/21,988,10266.0,10266.0,10266.0,10266.0,2
767,02/02/21,989,10265.0,10265.0,10265.0,10265.0,1
768,02/02/21,990,10270.0,10270.0,10270.0,10270.0,5
769,02/02/21,992,10274.0,10301.0,10274.0,10296.0,270
770,02/02/21,994,10280.0,10291.0,10277.0,10291.0,8
771,02/02/21,995,10300.0,10300.0,10300.0,10300.0,1
772,02/02/21,997,10300.0,10300.0,10300.0,10300.0,1
773,02/02/21,998,10299.0,10299.0,10299.0,10299.0,1
774,02/02/21,999,10290.0,10290.0,10290.0,10290.0,3
775,02/02/21,1000,10288.0,10288.0,10288.0,10288.0,1
776,02/02/21,1005,10286.0,10286.0,10286.0,10286.0,1
777,02/02/21,1009,10284.0,10284.0,10284.0,10284.0,1
778,02/02/21,1015,10265.0,10265.0,10260.0,10262.0,5
779,02/02/21,1016,10250.0,10250.0,10250.0,10250.0,1
780,02/02/21,1020,10253.0,10253.0,10250.0,10250.0,8
781,02/02/21,1023,10259.0,10259.0,10259.0,10259.0,2
782,02/02/21,1030,10270.0,10270.0,10260.0,10260.0,3
783,02/02/21,1033,10268.0,10268.0,10268.0,10268.0,2
784,02/02/21,1035,10268.0,10268.0,10268.0,10268.0,1
785,02/02/21,1037,10265.0,10265.0,10265.0,10265.0,1
786,02/02/21,1041,10265.0,10265.0,10265.0,10265.0,3
787,02/02/21,1042,10260.0,10260.0,10259.0,10259.0,2
788,02/02/21,1043,10259.0,10259.0,10259.0,10259.0,3
789,02/02/21,1044,10250.0,10250.0,10250.0,10250.0,4
790,02/02/21,1046,10259.0,10259.0,10259.0,10259.0,12
791,02/02/21,1047,10259.0,10259.0,10259.0,10259.0,39
792,02/02/21,1048,10259.0,10259.0,10259.0,10259.0,10
793,02/02/21,1049,10250.0,10250.0,10245.0,10245.0,31
794,02/02/21,1050,10245.0,10245.0,10245.0,10245.0,1
795,02/02/21,1051,10245.0,10260.0,10245.0,10260.0,12
796,02/02/21,1052,10249.0,10254.0,10249.0,10254.0,11
797,02/02/21,1054,10267.0,10267.0,10267.0,10267.0,20
798,02/02/21,1056,10256.0,10256.0,10256.0,10256.0,35
799,02/02/21,1057,10256.0,10256.0,10230.0,10231.0,114
800,02/02/21,1058,10242.0,10242.0,10242.0,10242.0,99
801,02/02/21,1059,10266.0,10267.0,10266.0,10267.0,7
802,02/02/21,1060,10280.0,10280.0,10267.0,10267.0,8
803,02/02/21,1061,10272.0,10273.0,10267.0,10267.0,174
804,02/02/21,1062,10269.0,10269.0,10269.0,10269.0,5
805,02/02/21,1063,10269.0,10269.0,10264.0,10264.0,11
806,02/02/21,1065,10264.0,10264.0,10264.0,10264.0,2
807,02/02/21,1066,10267.0,10267.0,10267.0,10267.0,50
808,02/02/21,1067,10268.0,10268.0,10268.0,10268.0,3
809,02/02/21,1068,10250.0,10271.0,10249.0,10271.0,57
810,02/02/21,1070,10250.0,10250.0,10236.0,10236.0,47
811,02/02/21,1071,10246.0,10246.0,10246.0,10246.0,1
812,02/02/21,1072,10260.0,10260.0,10260.0,10260.0,1
813,02/02/21,1074,10260.0,10260.0,10260.0,10260.0,13
814,02/02/21,1076,10284.0,10284.0,10284.0,10284.0,1
815,02/02/21,1077,10276.0,10276.0,10270.0,10270.0,2
816,02/02/21,1079,10270.0,10270.0,10270.0,10270.0,1
817,02/02/21,1082,10285.0,10285.0,10282.0,10282.0,33
818,02/02/21,1084,10270.0,10270.0,10270.0,10270.0,6
819,02/02/21,1087,10253.0,10253.0,10237.0,10237.0,51
820,02/02/21,1089,10258.0,10259.0,10258.0,10259.0,2
821,02/02/21,1090,10270.0,10270.0,10270.0,10270.0,36
822,02/02/21,1091,10280.0,10280.0,10280.0,10280.0,1
823,02/02/21,1092,10281.0,10281.0,10281.0,10281.0,1
824,02/02/21,1093,10270.0,10283.0,10270.0,10283.0,13
825,02/02/21,1095,10287.0,10287.0,10287.0,10287.0,1
826,02/02/21,1097,10280.0,10280.0,10280.0,10280.0,6
827,02/02/21,1098,10287.0,10287.0,10287.0,10287.0,1
828,02/02/21,1099,10286.0,10290.0,10286.0,10290.0,4
829,02/02/21,1100,10294.0,10294.0,10290.0,10290.0,11
830,02/02/21,1101,10290.0,10294.0,10290.0,10294.0,80
831,02/02/21,1102,10294.0,10294.0,10287.0,10287.0,58
832,02/02/21,1103,10277.0,10277.0,10277.0,10277.0,128
833,02/02/21,1105,10277.0,10277.0,10277.0,10277.0,1
834,02/02/21,1106,10274.0,10277.0,10270.0,10270.0,10
835,02/02/21,1108,10260.0,10260.0,10240.0,10240.0,40
836,02/02/21,1109,10253.0,10254.0,10253.0,10254.0,7
837,02/02/21,1110,10254.0,10254.0,10236.0,10236.0,12
838,02/02/21,1111,10240.0,10240.0,10238.0,10238.0,41
839,02/02/21,1113,10249.0,10249.0,10249.0,10249.0,1
840,02/02/21,1114,10242.0,10242.0,10238.0,10238.0,3
841,02/02/21,1116,10240.0,10240.0,10240.0,10240.0,1
842,02/02/21,1117,10240.0,10240.0,10238.0,10238.0,21
843,02/02/21,1119,10235.0,10235.0,10230.0,10230.0,11
844,02/02/21,1120,10236.0,10236.0,10236.0,10236.0,15
845,02/02/21,1121,10232.0,10232.0,10230.0,10230.0,505
846,02/02/21,1122,10234.0,10236.0,10234.0,10236.0,44
847,02/02/21,1123,10245.0,10245.0,10245.0,10245.0,1
848,02/02/21,1124,10240.0,10240.0,10240.0,10240.0,5
849,02/02/21,1125,10240.0,10240.0,10236.0,10236.0,14
850,02/02/21,1127,10236.0,10240.0,10236.0,10240.0,8
851,02/02/21,1130,10250.0,10250.0,10250.0,10250.0,5
852,02/02/21,1132,10250.0,10250.0,10250.0,10250.0,1
853,02/02/21,1133,10250.0,10260.0,10250.0,10260.0,13
854,02/02/21,1135,10244.0,10246.0,10236.0,10246.0,73
855,02/02/21,1136,10257.0,10257.0,10257.0,10257.0,1
856,02/02/21,1137,10257.0,10257.0,10257.0,10257.0,1
857,02/02/21,1139,10256.0,10256.0,10256.0,10256.0,2
858,02/02/21,1141,10256.0,10260.0,10251.0,10252.0,540
859,02/02/21,1142,10244.0,10244.0,10243.0,10243.0,101
860,02/02/21,1143,10244.0,10244.0,10244.0,10244.0,200
861,02/02/21,1144,10237.0,10237.0,10237.0,10237.0,2
862,02/02/21,1147,10238.0,10238.0,10237.0,10237.0,8
863,02/02/21,1148,10235.0,10235.0,10235.0,10235.0,2
864,02/02/21,1149,10229.0,10230.0,10229.0,10230.0,4
865,02/02/21,1150,10230.0,10230.0,10230.0,10230.0,7
866,02/02/21,1151,10233.0,10233.0,10230.0,10230.0,12
867,02/02/21,1152,10225.0,10225.0,10214.0,10214.0,266
868,02/02/21,1153,10223.0,10223.0,10223.0,10223.0,10
869,02/02/21,1156,10227.0,10227.0,10227.0,10227.0,21
870,02/02/21,1157,10234.0,10234.0,10234.0,10234.0,1
871,02/02/21,1158,10247.0,10247.0,10247.0,10247.0,1
872,02/02/21,1159,10247.0,10247.0,10247.0,10247.0,1
873,02/02/21,1162,10250.0,10250.0,10250.0,10250.0,2
874,02/02/21,1163,10247.0,10247.0,10243.0,10243.0,114
875,02/02/21,1164,10247.0,10247.0,10247.0,10247.0,26
876,02/02/21,1165,10247.0,10247.0,10247.0,10247.0,1
877,02/02/21,1166,10247.0,10247.0,10239.0,10239.0,8
878,02/02/21,1167,10240.0,10240.0,10239.0,10239.0,2
879,02/02/21,1168,10236.0,10236.0,10234.0,10234.0,7
880,02/02/21,1169,10234.0,10234.0,10234.0,10234.0,2
881,02/02/21,1170,10232.0,10232.0,10232.0,10232.0,1
882,02/02/21,1172,10228.0,10232.0,10228.0,10232.0,4
883,02/02/21,1173,10232.0,10232.0,10232.0,10232.0,1
884,02/02/21,1174,10223.0,10223.0,10220.0,10220.0,14
885,02/02/21,1175,10220.0,10220.0,10214.0,10214.0,439
886,02/02/21,1176,10215.0,10215.0,10215.0,10215.0,1
887,02/02/21,1178,10220.0,10220.0,10220.0,10220.0,5
888,02/02/21,1179,10219.0,10220.0,10215.0,10215.0,121
889,02/02/21,1180,10218.0,10218.0,10215.0,10215.0,44
890,02/02/21,1181,10214.0,10217.0,10210.0,10210.0,61
891,02/02/21,1182,10210.0,10210.0,10210.0,10210.0,1
892,02/02/21,1183,10212.0,10212.0,10212.0,10212.0,2
893,02/02/21,1184,10210.0,10210.0,10200.0,10205.0,50
894,02/02/21,1185,10206.0,10206.0,10206.0,10206.0,1
895,02/02/21,1186,10210.0,10210.0,10210.0,10210.0,5
896,02/02/21,1187,10216.0,10220.0,10209.0,10218.0,124
897,02/02/21,1188,10216.0,10216.0,10216.0,10216.0,9
898,02/02/21,1192,10219.0,10219.0,10219.0,10219.0,1
899,02/02/21,1193,10222.0,10222.0,10216.0,10216.0,100
900,02/02/21,1195,10219.0,10219.0,10219.0,10219.0,2
901,02/02/21,1196,10222.0,10222.0,10222.0,10222.0,10
902,02/02/21,1197,10228.0,10228.0,10228.0,10228.0,1
903,02/02/21,1201,10222.0,10225.0,10222.0,10225.0,11
904,02/02/21,1202,10226.0,10226.0,10226.0,10226.0,3
905,02/02/21,1203,10232.0,10233.0,10232.0,10233.0,14
906,02/02/21,1204,10233.0,10233.0,10233.0,10233.0,1
907,02/02/21,1205,10233.0,10236.0,10233.0,10233.0,45
908,02/02/21,1209,10236.0,10238.0,10230.0,10230.0,42
909,02/02/21,1211,10242.0,10242.0,10240.0,10242.0,10
910,02/02/21,1212,10242.0,10242.0,10242.0,10242.0,8
911,02/02/21,1213,10239.0,10239.0,10232.0,10232.0,6
912,02/02/21,1217,10239.0,10245.0,10239.0,10244.0,51
913,02/02/21,1218,10237.0,10237.0,10236.0,10236.0,4
914,02/02/21,1219,10239.0,10239.0,10232.0,10232.0,97
915,02/02/21,1220,10231.0,10231.0,10230.0,10230.0,69
916,02/02/21,1221,10230.0,10230.0,10230.0,10230.0,1
917,02/02/21,1223,10250.0,10253.0,10250.0,10253.0,8
918,02/02/21,1224,10253.0,10253.0,10251.0,10251.0,26
919,02/02/21,1225,10250.0,10250.0,10250.0,10250.0,1
920,02/02/21,1227,10252.0,10252.0,10252.0,10252.0,5
921,02/02/21,1229,10260.0,10260.0,10260.0,10260.0,1
922,02/02/21,1230,10260.0,10260.0,10260.0,10260.0,2
923,02/02/21,1231,10260.0,10263.0,10259.0,10259.0,525
924,02/02/21,1232,10266.0,10266.0,10259.0,10259.0,59
925,02/02/21,1233,10266.0,10266.0,10266.0,10266.0,1
926,02/02/21,1234,10266.0,10266.0,10266.0,10266.0,23
927,02/02/21,1237,10266.0,10266.0,10266.0,10266.0,16
928,02/02/21,1238,10266.0,10266.0,10266.0,10266.0,2
929,02/02/21,1240,10266.0,10266.0,10266.0,10266.0,1
930,02/02/21,1241,10266.0,10266.0,10266.0,10266.0,1
931,02/02/21,1242,10270.0,10272.0,10270.0,10270.0,17
932,02/02/21,1243,10270.0,10270.0,10270.0,10270.0,15
933,02/02/21,1244,10270.0,10270.0,10270.0,10270.0,4
934,02/02/21,1246,10265.0,10265.0,10265.0,10265.0,6
935,02/02/21,1247,10263.0,10263.0,10256.0,10256.0,4
936,02/02/21,1250,10255.0,10255.0,10255.0,10255.0,1
937,02/02/21,1252,10255.0,10256.0,10255.0,10255.0,33
938,02/02/21,1253,10253.0,10253.0,10252.0,10252.0,27
939,02/02/21,1254,10251.0,10251.0,10251.0,10251.0,10
940,02/02/21,1255,10251.0,10251.0,10251.0,10251.0,7
941,02/02/21,1257,10251.0,10251.0,10250.0,10250.0,8
942,02/02/21,1259,10250.0,10250.0,10250.0,10250.0,8
943,02/02/21,1263,10242.0,10242.0,10242.0,10242.0,2
944,02/02/21,1264,10246.0,10246.0,10246.0,10246.0,10
945,02/02/21,1265,10243.0,10250.0,10243.0,10249.0,3
946,02/02/21,1267,10250.0,10252.0,10250.0,10252.0,6
947,02/02/21,1268,10252.0,10252.0,10252.0,10252.0,1
948,02/02/21,1269,10252.0,10252.0,10252.0,10252.0,6
949,02/02/21,1270,10249.0,10249.0,10249.0,10249.0,1
950,02/02/21,1271,10249.0,10251.0,10249.0,10251.0,83
951,02/02/21,1272,10251.0,10251.0,10251.0,10251.0,1
952,02/02/21,1273,10251.0,10251.0,10251.0,10251.0,6
953,02/02/21,1274,10242.0,10242.0,10242.0,10242.0,4
954,02/02/21,1275,10242.0,10242.0,10242.0,10242.0,6
955,02/02/21,1277,10247.0,10247.0,10247.0,10247.0,1
956,02/02/21,1278,10247.0,10247.0,10247.0,10247.0,1
957,02/02/21,1279,10242.0,10242.0,10239.0,10239.0,14
958,02/02/21,1280,10236.0,10236.0,10236.0,10236.0,17
959,02/02/21,1281,10233.0,10233.0,10233.0,10233.0,5
960,02/02/21,1282,10230.0,10230.0,10225.0,10225.0,15
961,02/02/21,1283,10233.0,10233.0,10231.0,10231.0,11
962,02/02/21,1285,10232.0,10232.0,10232.0,10232.0,10
963,02/02/21,1287,10233.0,10233.0,10233.0,10233.0,6
964,02/02/21,1288,10234.0,10234.0,10234.0,10234.0,1
965,02/02/21,1289,10233.0,10233.0,10233.0,10233.0,2
966,02/02/21,1290,10233.0,10233.0,10233.0,10233.0,2
967,02/02/21,1293,10250.0,10250.0,10250.0,10250.0,1
968,02/02/21,1294,10250.0,10250.0,10250.0,10250.0,10
969,02/02/21,1295,10250.0,10250.0,10250.0,10250.0,21
970,02/02/21,1296,10252.0,10252.0,10250.0,10251.0,26
971,02/02/21,1298,10251.0,10253.0,10251.0,10253.0,20
972,02/02/21,1299,10253.0,10253.0,10253.0,10253.0,14
973,02/02/21,1300,10254.0,10254.0,10254.0,10254.0,87
974,02/02/21,1302,10251.0,10251.0,10251.0,10251.0,1
975,02/02/21,1304,10250.0,10250.0,10250.0,10250.0,1
976,02/02/21,1305,10253.0,10253.0,10253.0,10253.0,2
977,02/02/21,1306,10256.0,10258.0,10256.0,10258.0,19
978,02/02/21,1309,10257.0,10258.0,10257.0,10258.0,84
979,02/02/21,1310,10258.0,10258.0,10258.0,10258.0,2
980,02/02/21,1311,10257.0,10257.0,10253.0,10253.0,4
981,02/02/21,1313,10253.0,10253.0,10253.0,10253.0,3
982,02/02/21,1314,10253.0,10253.0,10253.0,10253.0,4
983,02/02/21,1315,10255.0,10255.0,10253.0,10253.0,3
984,02/02/21,1316,10253.0,10253.0,10253.0,10253.0,1
985,02/02/21,1317,10254.0,10254.0,10254.0,10254.0,1
986,02/02/21,1318,10255.0,10255.0,10255.0,10255.0,1
987,02/02/21,1319,10249.0,10252.0,10249.0,10252.0,11
988,02/02/21,1323,10252.0,10252.0,10252.0,10252.0,2
989,02/02/21,1324,10248.0,10248.0,10248.0,10248.0,16
990,02/02/21,1325,10247.0,10247.0,10245.0,10245.0,16
991,02/02/21,1326,10244.0,10244.0,10244.0,10244.0,5
992,02/02/21,1327,10245.0,10245.0,10245.0,10245.0,3
993,02/02/21,1328,10247.0,10249.0,10247.0,10247.0,6
994,02/02/21,1330,10247.0,10247.0,10247.0,10247.0,9
995,02/02/21,1331,10249.0,10253.0,10249.0,10253.0,6
996,02/02/21,1332,10257.0,10257.0,10257.0,10257.0,1
997,02/02/21,1333,10251.0,10251.0,10251.0,10251.0,19
998,02/02/21,1339,10251.0,10251.0,10251.0,10251.0,26
999,02/02/21,1341,10260.0,10260.0,10260.0,10260.0,1
1000,02/02/21,1343,10260.0,10260.0,10260.0,10260.0,1
1001,02/02/21,1347,10260.0,10260.0,10260.0,10260.0,1
1002,02/02/21,1353,10268.0,10268.0,10266.0,10266.0,100
1003,02/02/21,1355,10266.0,10266.0,10266.0,10266.0,1
1004,02/02/21,1358,10270.0,10270.0,10270.0,10270.0,9
1005,02/02/21,1359,10275.0,10280.0,10275.0,10280.0,6
1006,02/02/21,1361,10280.0,10280.0,10280.0,10280.0,4
1007,02/02/21,1363,10272.0,10272.0,10272.0,10272.0,2
1008,02/02/21,1364,10279.0,10279.0,10279.0,10279.0,1
1009,02/02/21,1365,10278.0,10278.0,10278.0,10278.0,5
1010,02/02/21,1368,10278.0,10278.0,10278.0,10278.0,1
1011,02/02/21,1369,10278.0,10278.0,10278.0,10278.0,1
1012,02/02/21,1372,10276.0,10276.0,10276.0,10276.0,5
1013,02/02/21,1374,10277.0,10277.0,10277.0,10277.0,1
1014,02/02/21,1376,10277.0,10277.0,10277.0,10277.0,5
1015,02/02/21,1378,10275.0,10276.0,10275.0,10276.0,3
1016,02/02/21,1379,10274.0,10274.0,10274.0,10274.0,2
1017,02/02/21,1380,10274.0,10274.0,10274.0,10274.0,6
1018,02/02/21,1381,10270.0,10273.0,10270.0,10273.0,8
1019,02/02/21,1382,10270.0,10270.0,10268.0,10268.0,5
1020,02/02/21,1383,10266.0,10266.0,10266.0,10266.0,8
1021,02/02/21,1386,10271.0,10271.0,10266.0,10266.0,2
1022,02/02/21,1387,10266.0,10270.0,10266.0,10270.0,2
1023,02/02/21,1388,10268.0,10268.0,10268.0,10268.0,3
1024,02/02/21,1389,10265.0,10265.0,10265.0,10265.0,2
1025,02/02/21,1390,10260.0,10260.0,10258.0,10258.0,48
1026,02/02/21,1391,10258.0,10258.0,10258.0,10258.0,2
1027,02/02/21,1392,10255.0,10255.0,10251.0,10251.0,3
1028,02/02/21,1393,10257.0,10257.0,10257.0,10257.0,1
1029,02/02/21,1394,10257.0,10257.0,10257.0,10257.0,4
1030,02/02/21,1395,10257.0,10257.0,10254.0,10254.0,6
1031,02/02/21,1397,10254.0,10254.0,10254.0,10254.0,1
1032,02/02/21,1398,10254.0,10254.0,10254.0,10254.0,12
1033,02/02/21,1399,10264.0,10264.0,10264.0,10264.0,10
1034,02/02/21,1400,10264.0,10264.0,10264.0,10264.0,61
1035,02/02/21,1405,10264.0,10264.0,10258.0,10258.0,2
1036,02/02/21,1406,10267.0,10267.0,10267.0,10267.0,5
1037,02/02/21,1407,10267.0,10267.0,10267.0,10267.0,5
1038,02/02/21,1408,10267.0,10267.0,10267.0,10267.0,222
1039,02/02/21,1410,10280.0,10282.0,10280.0,10282.0,20
1040,02/02/21,1411,10280.0,10285.0,10280.0,10285.0,77
1041,02/02/21,1412,10285.0,10285.0,10285.0,10285.0,30
1042,02/02/21,1413,10285.0,10285.0,10285.0,10285.0,1
1043,02/02/21,1414,10284.0,10284.0,10284.0,10284.0,5
1044,02/02/21,1416,10284.0,10288.0,10284.0,10288.0,2
1045,02/02/21,1417,10289.0,10289.0,10289.0,10289.0,20
1046,02/02/21,1418,10292.0,10292.0,10292.0,10292.0,7
1047,02/02/21,1422,10299.0,10299.0,10299.0,10299.0,1
1048,02/02/21,1424,10292.0,10292.0,10292.0,10292.0,7
1049,02/02/21,1425,10292.0,10292.0,10289.0,10289.0,19
1050,02/02/21,1426,10292.0,10293.0,10292.0,10293.0,43
1051,02/02/21,1427,10293.0,10297.0,10293.0,10297.0,2
1052,02/02/21,1428,10297.0,10297.0,10297.0,10297.0,1
1053,02/02/21,1429,10299.0,10310.0,10299.0,10310.0,115
1054,02/02/21,1430,10310.0,10310.0,10310.0,10310.0,44
